{"precision@1": 0.156, "recall@1": 0.05253911681894654, "f1@1": 0.06459722704648266, "mrr@1": 0.156, "ndcg@1": 0.156, "success@1": 0.156, "map@1": 0.05253911681894654, "coverage@1": 0.01753597122302158, "precision@3": 0.1506666666666667, "recall@3": 0.07706886560835477, "f1@3": 0.08861234510503632, "mrr@3": 0.15866666666666665, "ndcg@3": 0.14422780195007762, "success@3": 0.162, "map@3": 0.077516087830577, "coverage@3": 0.03866906474820144, "precision@5": 0.148, "recall@5": 0.0894215156794878, "f1@5": 0.09873014305604964, "mrr@5": 0.15966666666666665, "ndcg@5": 0.1401904843977541, "success@5": 0.166, "map@5": 0.08978099535014397, "coverage@5": 0.05373201438848921, "precision@10": 0.1466309523809524, "recall@10": 0.10828682812808199, "f1@10": 0.11351650159346892, "mrr@10": 0.15991666666666665, "ndcg@10": 0.13562326630799768, "success@10": 0.168, "map@10": 0.10845469372886776, "coverage@10": 0.08295863309352518, "precision@20": 0.1466309523809524, "recall@20": 0.10828682812808199, "f1@20": 0.11351650159346892, "mrr@20": 0.15991666666666665, "ndcg@20": 0.12379167316711348, "success@20": 0.168, "map@20": 0.10845469372886776, "coverage@20": 0.08295863309352518}