{"accuracy": 0.678, "precision": 0.6423267326732673, "recall": 0.9402173913043478, "f1": 0.763235294117647}